,image_path,mask_path,width,height,data_part
0,uavid_dataset/valid/valid/seq17/Images/000800.png,uavid_dataset/valid/valid/seq17/Labels/000800.png,3840,2160,valid
1,uavid_dataset/valid/valid/seq17/Images/000900.png,uavid_dataset/valid/valid/seq17/Labels/000900.png,3840,2160,valid
2,uavid_dataset/valid/valid/seq17/Images/000500.png,uavid_dataset/valid/valid/seq17/Labels/000500.png,3840,2160,valid
3,uavid_dataset/valid/valid/seq17/Images/000700.png,uavid_dataset/valid/valid/seq17/Labels/000700.png,3840,2160,valid
4,uavid_dataset/valid/valid/seq17/Images/000300.png,uavid_dataset/valid/valid/seq17/Labels/000300.png,3840,2160,valid
5,uavid_dataset/valid/valid/seq17/Images/000100.png,uavid_dataset/valid/valid/seq17/Labels/000100.png,3840,2160,valid
6,uavid_dataset/valid/valid/seq17/Images/000600.png,uavid_dataset/valid/valid/seq17/Labels/000600.png,3840,2160,valid
7,uavid_dataset/valid/valid/seq17/Images/000400.png,uavid_dataset/valid/valid/seq17/Labels/000400.png,3840,2160,valid
8,uavid_dataset/valid/valid/seq17/Images/000000.png,uavid_dataset/valid/valid/seq17/Labels/000000.png,3840,2160,valid
9,uavid_dataset/valid/valid/seq17/Images/000200.png,uavid_dataset/valid/valid/seq17/Labels/000200.png,3840,2160,valid
10,uavid_dataset/valid/valid/seq19/Images/000800.png,uavid_dataset/valid/valid/seq19/Labels/000800.png,4096,2160,valid
11,uavid_dataset/valid/valid/seq19/Images/000900.png,uavid_dataset/valid/valid/seq19/Labels/000900.png,4096,2160,valid
12,uavid_dataset/valid/valid/seq19/Images/000500.png,uavid_dataset/valid/valid/seq19/Labels/000500.png,4096,2160,valid
13,uavid_dataset/valid/valid/seq19/Images/000700.png,uavid_dataset/valid/valid/seq19/Labels/000700.png,4096,2160,valid
14,uavid_dataset/valid/valid/seq19/Images/000300.png,uavid_dataset/valid/valid/seq19/Labels/000300.png,4096,2160,valid
15,uavid_dataset/valid/valid/seq19/Images/000100.png,uavid_dataset/valid/valid/seq19/Labels/000100.png,4096,2160,valid
16,uavid_dataset/valid/valid/seq19/Images/000600.png,uavid_dataset/valid/valid/seq19/Labels/000600.png,4096,2160,valid
17,uavid_dataset/valid/valid/seq19/Images/000400.png,uavid_dataset/valid/valid/seq19/Labels/000400.png,4096,2160,valid
18,uavid_dataset/valid/valid/seq19/Images/000000.png,uavid_dataset/valid/valid/seq19/Labels/000000.png,4096,2160,valid
19,uavid_dataset/valid/valid/seq19/Images/000200.png,uavid_dataset/valid/valid/seq19/Labels/000200.png,4096,2160,valid
20,uavid_dataset/valid/valid/seq18/Images/000800.png,uavid_dataset/valid/valid/seq18/Labels/000800.png,3840,2160,valid
21,uavid_dataset/valid/valid/seq18/Images/000900.png,uavid_dataset/valid/valid/seq18/Labels/000900.png,3840,2160,valid
22,uavid_dataset/valid/valid/seq18/Images/000500.png,uavid_dataset/valid/valid/seq18/Labels/000500.png,3840,2160,valid
23,uavid_dataset/valid/valid/seq18/Images/000700.png,uavid_dataset/valid/valid/seq18/Labels/000700.png,3840,2160,valid
24,uavid_dataset/valid/valid/seq18/Images/000300.png,uavid_dataset/valid/valid/seq18/Labels/000300.png,3840,2160,valid
25,uavid_dataset/valid/valid/seq18/Images/000100.png,uavid_dataset/valid/valid/seq18/Labels/000100.png,3840,2160,valid
26,uavid_dataset/valid/valid/seq18/Images/000600.png,uavid_dataset/valid/valid/seq18/Labels/000600.png,3840,2160,valid
27,uavid_dataset/valid/valid/seq18/Images/000400.png,uavid_dataset/valid/valid/seq18/Labels/000400.png,3840,2160,valid
28,uavid_dataset/valid/valid/seq18/Images/000000.png,uavid_dataset/valid/valid/seq18/Labels/000000.png,3840,2160,valid
29,uavid_dataset/valid/valid/seq18/Images/000200.png,uavid_dataset/valid/valid/seq18/Labels/000200.png,3840,2160,valid
30,uavid_dataset/valid/valid/seq20/Images/000800.png,uavid_dataset/valid/valid/seq20/Labels/000800.png,4096,2160,valid
31,uavid_dataset/valid/valid/seq20/Images/000900.png,uavid_dataset/valid/valid/seq20/Labels/000900.png,4096,2160,valid
32,uavid_dataset/valid/valid/seq20/Images/000500.png,uavid_dataset/valid/valid/seq20/Labels/000500.png,4096,2160,valid
33,uavid_dataset/valid/valid/seq20/Images/000700.png,uavid_dataset/valid/valid/seq20/Labels/000700.png,4096,2160,valid
34,uavid_dataset/valid/valid/seq20/Images/000300.png,uavid_dataset/valid/valid/seq20/Labels/000300.png,4096,2160,valid
35,uavid_dataset/valid/valid/seq20/Images/000100.png,uavid_dataset/valid/valid/seq20/Labels/000100.png,4096,2160,valid
36,uavid_dataset/valid/valid/seq20/Images/000600.png,uavid_dataset/valid/valid/seq20/Labels/000600.png,4096,2160,valid
37,uavid_dataset/valid/valid/seq20/Images/000400.png,uavid_dataset/valid/valid/seq20/Labels/000400.png,4096,2160,valid
38,uavid_dataset/valid/valid/seq20/Images/000000.png,uavid_dataset/valid/valid/seq20/Labels/000000.png,4096,2160,valid
39,uavid_dataset/valid/valid/seq20/Images/000200.png,uavid_dataset/valid/valid/seq20/Labels/000200.png,4096,2160,valid
40,uavid_dataset/valid/valid/seq16/Images/000800.png,uavid_dataset/valid/valid/seq16/Labels/000800.png,3840,2160,valid
41,uavid_dataset/valid/valid/seq16/Images/000900.png,uavid_dataset/valid/valid/seq16/Labels/000900.png,3840,2160,valid
42,uavid_dataset/valid/valid/seq16/Images/000500.png,uavid_dataset/valid/valid/seq16/Labels/000500.png,3840,2160,valid
43,uavid_dataset/valid/valid/seq16/Images/000700.png,uavid_dataset/valid/valid/seq16/Labels/000700.png,3840,2160,valid
44,uavid_dataset/valid/valid/seq16/Images/000300.png,uavid_dataset/valid/valid/seq16/Labels/000300.png,3840,2160,valid
45,uavid_dataset/valid/valid/seq16/Images/000100.png,uavid_dataset/valid/valid/seq16/Labels/000100.png,3840,2160,valid
46,uavid_dataset/valid/valid/seq16/Images/000600.png,uavid_dataset/valid/valid/seq16/Labels/000600.png,3840,2160,valid
47,uavid_dataset/valid/valid/seq16/Images/000400.png,uavid_dataset/valid/valid/seq16/Labels/000400.png,3840,2160,valid
48,uavid_dataset/valid/valid/seq16/Images/000000.png,uavid_dataset/valid/valid/seq16/Labels/000000.png,3840,2160,valid
49,uavid_dataset/valid/valid/seq16/Images/000200.png,uavid_dataset/valid/valid/seq16/Labels/000200.png,3840,2160,valid
50,uavid_dataset/valid/valid/seq37/Images/000800.png,uavid_dataset/valid/valid/seq37/Labels/000800.png,3840,2160,valid
51,uavid_dataset/valid/valid/seq37/Images/000900.png,uavid_dataset/valid/valid/seq37/Labels/000900.png,3840,2160,valid
52,uavid_dataset/valid/valid/seq37/Images/000500.png,uavid_dataset/valid/valid/seq37/Labels/000500.png,3840,2160,valid
53,uavid_dataset/valid/valid/seq37/Images/000700.png,uavid_dataset/valid/valid/seq37/Labels/000700.png,3840,2160,valid
54,uavid_dataset/valid/valid/seq37/Images/000300.png,uavid_dataset/valid/valid/seq37/Labels/000300.png,3840,2160,valid
55,uavid_dataset/valid/valid/seq37/Images/000100.png,uavid_dataset/valid/valid/seq37/Labels/000100.png,3840,2160,valid
56,uavid_dataset/valid/valid/seq37/Images/000600.png,uavid_dataset/valid/valid/seq37/Labels/000600.png,3840,2160,valid
57,uavid_dataset/valid/valid/seq37/Images/000400.png,uavid_dataset/valid/valid/seq37/Labels/000400.png,3840,2160,valid
58,uavid_dataset/valid/valid/seq37/Images/000000.png,uavid_dataset/valid/valid/seq37/Labels/000000.png,3840,2160,valid
59,uavid_dataset/valid/valid/seq37/Images/000200.png,uavid_dataset/valid/valid/seq37/Labels/000200.png,3840,2160,valid
60,uavid_dataset/valid/valid/seq36/Images/000800.png,uavid_dataset/valid/valid/seq36/Labels/000800.png,4096,2160,valid
61,uavid_dataset/valid/valid/seq36/Images/000900.png,uavid_dataset/valid/valid/seq36/Labels/000900.png,4096,2160,valid
62,uavid_dataset/valid/valid/seq36/Images/000500.png,uavid_dataset/valid/valid/seq36/Labels/000500.png,4096,2160,valid
63,uavid_dataset/valid/valid/seq36/Images/000700.png,uavid_dataset/valid/valid/seq36/Labels/000700.png,4096,2160,valid
64,uavid_dataset/valid/valid/seq36/Images/000300.png,uavid_dataset/valid/valid/seq36/Labels/000300.png,4096,2160,valid
65,uavid_dataset/valid/valid/seq36/Images/000100.png,uavid_dataset/valid/valid/seq36/Labels/000100.png,4096,2160,valid
66,uavid_dataset/valid/valid/seq36/Images/000600.png,uavid_dataset/valid/valid/seq36/Labels/000600.png,4096,2160,valid
67,uavid_dataset/valid/valid/seq36/Images/000400.png,uavid_dataset/valid/valid/seq36/Labels/000400.png,4096,2160,valid
68,uavid_dataset/valid/valid/seq36/Images/000000.png,uavid_dataset/valid/valid/seq36/Labels/000000.png,4096,2160,valid
69,uavid_dataset/valid/valid/seq36/Images/000200.png,uavid_dataset/valid/valid/seq36/Labels/000200.png,4096,2160,valid
70,uavid_dataset/train/train/seq33/Images/000800.png,uavid_dataset/train/train/seq33/Labels/000800.png,3840,2160,train
71,uavid_dataset/train/train/seq33/Images/000900.png,uavid_dataset/train/train/seq33/Labels/000900.png,3840,2160,train
72,uavid_dataset/train/train/seq33/Images/000500.png,uavid_dataset/train/train/seq33/Labels/000500.png,3840,2160,train
73,uavid_dataset/train/train/seq33/Images/000700.png,uavid_dataset/train/train/seq33/Labels/000700.png,3840,2160,train
74,uavid_dataset/train/train/seq33/Images/000300.png,uavid_dataset/train/train/seq33/Labels/000300.png,3840,2160,train
75,uavid_dataset/train/train/seq33/Images/000100.png,uavid_dataset/train/train/seq33/Labels/000100.png,3840,2160,train
76,uavid_dataset/train/train/seq33/Images/000600.png,uavid_dataset/train/train/seq33/Labels/000600.png,3840,2160,train
77,uavid_dataset/train/train/seq33/Images/000400.png,uavid_dataset/train/train/seq33/Labels/000400.png,3840,2160,train
78,uavid_dataset/train/train/seq33/Images/000000.png,uavid_dataset/train/train/seq33/Labels/000000.png,3840,2160,train
79,uavid_dataset/train/train/seq33/Images/000200.png,uavid_dataset/train/train/seq33/Labels/000200.png,3840,2160,train
80,uavid_dataset/train/train/seq34/Images/000800.png,uavid_dataset/train/train/seq34/Labels/000800.png,3840,2160,train
81,uavid_dataset/train/train/seq34/Images/000900.png,uavid_dataset/train/train/seq34/Labels/000900.png,3840,2160,train
82,uavid_dataset/train/train/seq34/Images/000500.png,uavid_dataset/train/train/seq34/Labels/000500.png,3840,2160,train
83,uavid_dataset/train/train/seq34/Images/000700.png,uavid_dataset/train/train/seq34/Labels/000700.png,3840,2160,train
84,uavid_dataset/train/train/seq34/Images/000300.png,uavid_dataset/train/train/seq34/Labels/000300.png,3840,2160,train
85,uavid_dataset/train/train/seq34/Images/000100.png,uavid_dataset/train/train/seq34/Labels/000100.png,3840,2160,train
86,uavid_dataset/train/train/seq34/Images/000600.png,uavid_dataset/train/train/seq34/Labels/000600.png,3840,2160,train
87,uavid_dataset/train/train/seq34/Images/000400.png,uavid_dataset/train/train/seq34/Labels/000400.png,3840,2160,train
88,uavid_dataset/train/train/seq34/Images/000000.png,uavid_dataset/train/train/seq34/Labels/000000.png,3840,2160,train
89,uavid_dataset/train/train/seq34/Images/000200.png,uavid_dataset/train/train/seq34/Labels/000200.png,3840,2160,train
90,uavid_dataset/train/train/seq35/Images/000800.png,uavid_dataset/train/train/seq35/Labels/000800.png,4096,2160,train
91,uavid_dataset/train/train/seq35/Images/000900.png,uavid_dataset/train/train/seq35/Labels/000900.png,4096,2160,train
92,uavid_dataset/train/train/seq35/Images/000500.png,uavid_dataset/train/train/seq35/Labels/000500.png,4096,2160,train
93,uavid_dataset/train/train/seq35/Images/000700.png,uavid_dataset/train/train/seq35/Labels/000700.png,4096,2160,train
94,uavid_dataset/train/train/seq35/Images/000300.png,uavid_dataset/train/train/seq35/Labels/000300.png,4096,2160,train
95,uavid_dataset/train/train/seq35/Images/000100.png,uavid_dataset/train/train/seq35/Labels/000100.png,4096,2160,train
96,uavid_dataset/train/train/seq35/Images/000600.png,uavid_dataset/train/train/seq35/Labels/000600.png,4096,2160,train
97,uavid_dataset/train/train/seq35/Images/000400.png,uavid_dataset/train/train/seq35/Labels/000400.png,4096,2160,train
98,uavid_dataset/train/train/seq35/Images/000000.png,uavid_dataset/train/train/seq35/Labels/000000.png,4096,2160,train
99,uavid_dataset/train/train/seq35/Images/000200.png,uavid_dataset/train/train/seq35/Labels/000200.png,4096,2160,train
100,uavid_dataset/train/train/seq32/Images/000800.png,uavid_dataset/train/train/seq32/Labels/000800.png,3840,2160,train
101,uavid_dataset/train/train/seq32/Images/000900.png,uavid_dataset/train/train/seq32/Labels/000900.png,3840,2160,train
102,uavid_dataset/train/train/seq32/Images/000500.png,uavid_dataset/train/train/seq32/Labels/000500.png,3840,2160,train
103,uavid_dataset/train/train/seq32/Images/000700.png,uavid_dataset/train/train/seq32/Labels/000700.png,3840,2160,train
104,uavid_dataset/train/train/seq32/Images/000300.png,uavid_dataset/train/train/seq32/Labels/000300.png,3840,2160,train
105,uavid_dataset/train/train/seq32/Images/000100.png,uavid_dataset/train/train/seq32/Labels/000100.png,3840,2160,train
106,uavid_dataset/train/train/seq32/Images/000600.png,uavid_dataset/train/train/seq32/Labels/000600.png,3840,2160,train
107,uavid_dataset/train/train/seq32/Images/000400.png,uavid_dataset/train/train/seq32/Labels/000400.png,3840,2160,train
108,uavid_dataset/train/train/seq32/Images/000000.png,uavid_dataset/train/train/seq32/Labels/000000.png,3840,2160,train
109,uavid_dataset/train/train/seq32/Images/000200.png,uavid_dataset/train/train/seq32/Labels/000200.png,3840,2160,train
110,uavid_dataset/train/train/seq8/Images/000800.png,uavid_dataset/train/train/seq8/Labels/000800.png,3840,2160,train
111,uavid_dataset/train/train/seq8/Images/000900.png,uavid_dataset/train/train/seq8/Labels/000900.png,3840,2160,train
112,uavid_dataset/train/train/seq8/Images/000500.png,uavid_dataset/train/train/seq8/Labels/000500.png,3840,2160,train
113,uavid_dataset/train/train/seq8/Images/000700.png,uavid_dataset/train/train/seq8/Labels/000700.png,3840,2160,train
114,uavid_dataset/train/train/seq8/Images/000300.png,uavid_dataset/train/train/seq8/Labels/000300.png,3840,2160,train
115,uavid_dataset/train/train/seq8/Images/000100.png,uavid_dataset/train/train/seq8/Labels/000100.png,3840,2160,train
116,uavid_dataset/train/train/seq8/Images/000600.png,uavid_dataset/train/train/seq8/Labels/000600.png,3840,2160,train
117,uavid_dataset/train/train/seq8/Images/000400.png,uavid_dataset/train/train/seq8/Labels/000400.png,3840,2160,train
118,uavid_dataset/train/train/seq8/Images/000000.png,uavid_dataset/train/train/seq8/Labels/000000.png,3840,2160,train
119,uavid_dataset/train/train/seq8/Images/000200.png,uavid_dataset/train/train/seq8/Labels/000200.png,3840,2160,train
120,uavid_dataset/train/train/seq1/Images/000800.png,uavid_dataset/train/train/seq1/Labels/000800.png,3840,2160,train
121,uavid_dataset/train/train/seq1/Images/000900.png,uavid_dataset/train/train/seq1/Labels/000900.png,3840,2160,train
122,uavid_dataset/train/train/seq1/Images/000500.png,uavid_dataset/train/train/seq1/Labels/000500.png,3840,2160,train
123,uavid_dataset/train/train/seq1/Images/000700.png,uavid_dataset/train/train/seq1/Labels/000700.png,3840,2160,train
124,uavid_dataset/train/train/seq1/Images/000300.png,uavid_dataset/train/train/seq1/Labels/000300.png,3840,2160,train
125,uavid_dataset/train/train/seq1/Images/000100.png,uavid_dataset/train/train/seq1/Labels/000100.png,3840,2160,train
126,uavid_dataset/train/train/seq1/Images/000600.png,uavid_dataset/train/train/seq1/Labels/000600.png,3840,2160,train
127,uavid_dataset/train/train/seq1/Images/000400.png,uavid_dataset/train/train/seq1/Labels/000400.png,3840,2160,train
128,uavid_dataset/train/train/seq1/Images/000000.png,uavid_dataset/train/train/seq1/Labels/000000.png,3840,2160,train
129,uavid_dataset/train/train/seq1/Images/000200.png,uavid_dataset/train/train/seq1/Labels/000200.png,3840,2160,train
130,uavid_dataset/train/train/seq6/Images/000800.png,uavid_dataset/train/train/seq6/Labels/000800.png,3840,2160,train
131,uavid_dataset/train/train/seq6/Images/000900.png,uavid_dataset/train/train/seq6/Labels/000900.png,3840,2160,train
132,uavid_dataset/train/train/seq6/Images/000500.png,uavid_dataset/train/train/seq6/Labels/000500.png,3840,2160,train
133,uavid_dataset/train/train/seq6/Images/000700.png,uavid_dataset/train/train/seq6/Labels/000700.png,3840,2160,train
134,uavid_dataset/train/train/seq6/Images/000300.png,uavid_dataset/train/train/seq6/Labels/000300.png,3840,2160,train
135,uavid_dataset/train/train/seq6/Images/000100.png,uavid_dataset/train/train/seq6/Labels/000100.png,3840,2160,train
136,uavid_dataset/train/train/seq6/Images/000600.png,uavid_dataset/train/train/seq6/Labels/000600.png,3840,2160,train
137,uavid_dataset/train/train/seq6/Images/000400.png,uavid_dataset/train/train/seq6/Labels/000400.png,3840,2160,train
138,uavid_dataset/train/train/seq6/Images/000000.png,uavid_dataset/train/train/seq6/Labels/000000.png,3840,2160,train
139,uavid_dataset/train/train/seq6/Images/000200.png,uavid_dataset/train/train/seq6/Labels/000200.png,3840,2160,train
140,uavid_dataset/train/train/seq7/Images/000800.png,uavid_dataset/train/train/seq7/Labels/000800.png,3840,2160,train
141,uavid_dataset/train/train/seq7/Images/000900.png,uavid_dataset/train/train/seq7/Labels/000900.png,3840,2160,train
142,uavid_dataset/train/train/seq7/Images/000500.png,uavid_dataset/train/train/seq7/Labels/000500.png,3840,2160,train
143,uavid_dataset/train/train/seq7/Images/000700.png,uavid_dataset/train/train/seq7/Labels/000700.png,3840,2160,train
144,uavid_dataset/train/train/seq7/Images/000300.png,uavid_dataset/train/train/seq7/Labels/000300.png,3840,2160,train
145,uavid_dataset/train/train/seq7/Images/000100.png,uavid_dataset/train/train/seq7/Labels/000100.png,3840,2160,train
146,uavid_dataset/train/train/seq7/Images/000600.png,uavid_dataset/train/train/seq7/Labels/000600.png,3840,2160,train
147,uavid_dataset/train/train/seq7/Images/000400.png,uavid_dataset/train/train/seq7/Labels/000400.png,3840,2160,train
148,uavid_dataset/train/train/seq7/Images/000000.png,uavid_dataset/train/train/seq7/Labels/000000.png,3840,2160,train
149,uavid_dataset/train/train/seq7/Images/000200.png,uavid_dataset/train/train/seq7/Labels/000200.png,3840,2160,train
150,uavid_dataset/train/train/seq9/Images/000800.png,uavid_dataset/train/train/seq9/Labels/000800.png,3840,2160,train
151,uavid_dataset/train/train/seq9/Images/000900.png,uavid_dataset/train/train/seq9/Labels/000900.png,3840,2160,train
152,uavid_dataset/train/train/seq9/Images/000500.png,uavid_dataset/train/train/seq9/Labels/000500.png,3840,2160,train
153,uavid_dataset/train/train/seq9/Images/000700.png,uavid_dataset/train/train/seq9/Labels/000700.png,3840,2160,train
154,uavid_dataset/train/train/seq9/Images/000300.png,uavid_dataset/train/train/seq9/Labels/000300.png,3840,2160,train
155,uavid_dataset/train/train/seq9/Images/000100.png,uavid_dataset/train/train/seq9/Labels/000100.png,3840,2160,train
156,uavid_dataset/train/train/seq9/Images/000600.png,uavid_dataset/train/train/seq9/Labels/000600.png,3840,2160,train
157,uavid_dataset/train/train/seq9/Images/000400.png,uavid_dataset/train/train/seq9/Labels/000400.png,3840,2160,train
158,uavid_dataset/train/train/seq9/Images/000000.png,uavid_dataset/train/train/seq9/Labels/000000.png,3840,2160,train
159,uavid_dataset/train/train/seq9/Images/000200.png,uavid_dataset/train/train/seq9/Labels/000200.png,3840,2160,train
160,uavid_dataset/train/train/seq10/Images/000800.png,uavid_dataset/train/train/seq10/Labels/000800.png,3840,2160,train
161,uavid_dataset/train/train/seq10/Images/000900.png,uavid_dataset/train/train/seq10/Labels/000900.png,3840,2160,train
162,uavid_dataset/train/train/seq10/Images/000500.png,uavid_dataset/train/train/seq10/Labels/000500.png,3840,2160,train
163,uavid_dataset/train/train/seq10/Images/000700.png,uavid_dataset/train/train/seq10/Labels/000700.png,3840,2160,train
164,uavid_dataset/train/train/seq10/Images/000300.png,uavid_dataset/train/train/seq10/Labels/000300.png,3840,2160,train
165,uavid_dataset/train/train/seq10/Images/000100.png,uavid_dataset/train/train/seq10/Labels/000100.png,3840,2160,train
166,uavid_dataset/train/train/seq10/Images/000600.png,uavid_dataset/train/train/seq10/Labels/000600.png,3840,2160,train
167,uavid_dataset/train/train/seq10/Images/000400.png,uavid_dataset/train/train/seq10/Labels/000400.png,3840,2160,train
168,uavid_dataset/train/train/seq10/Images/000000.png,uavid_dataset/train/train/seq10/Labels/000000.png,3840,2160,train
169,uavid_dataset/train/train/seq10/Images/000200.png,uavid_dataset/train/train/seq10/Labels/000200.png,3840,2160,train
170,uavid_dataset/train/train/seq11/Images/000800.png,uavid_dataset/train/train/seq11/Labels/000800.png,4096,2160,train
171,uavid_dataset/train/train/seq11/Images/000900.png,uavid_dataset/train/train/seq11/Labels/000900.png,4096,2160,train
172,uavid_dataset/train/train/seq11/Images/000500.png,uavid_dataset/train/train/seq11/Labels/000500.png,4096,2160,train
173,uavid_dataset/train/train/seq11/Images/000700.png,uavid_dataset/train/train/seq11/Labels/000700.png,4096,2160,train
174,uavid_dataset/train/train/seq11/Images/000300.png,uavid_dataset/train/train/seq11/Labels/000300.png,4096,2160,train
175,uavid_dataset/train/train/seq11/Images/000100.png,uavid_dataset/train/train/seq11/Labels/000100.png,4096,2160,train
176,uavid_dataset/train/train/seq11/Images/000600.png,uavid_dataset/train/train/seq11/Labels/000600.png,4096,2160,train
177,uavid_dataset/train/train/seq11/Images/000400.png,uavid_dataset/train/train/seq11/Labels/000400.png,4096,2160,train
178,uavid_dataset/train/train/seq11/Images/000000.png,uavid_dataset/train/train/seq11/Labels/000000.png,4096,2160,train
179,uavid_dataset/train/train/seq11/Images/000200.png,uavid_dataset/train/train/seq11/Labels/000200.png,4096,2160,train
180,uavid_dataset/train/train/seq31/Images/000800.png,uavid_dataset/train/train/seq31/Labels/000800.png,4096,2160,train
181,uavid_dataset/train/train/seq31/Images/000900.png,uavid_dataset/train/train/seq31/Labels/000900.png,4096,2160,train
182,uavid_dataset/train/train/seq31/Images/000500.png,uavid_dataset/train/train/seq31/Labels/000500.png,4096,2160,train
183,uavid_dataset/train/train/seq31/Images/000700.png,uavid_dataset/train/train/seq31/Labels/000700.png,4096,2160,train
184,uavid_dataset/train/train/seq31/Images/000300.png,uavid_dataset/train/train/seq31/Labels/000300.png,4096,2160,train
185,uavid_dataset/train/train/seq31/Images/000100.png,uavid_dataset/train/train/seq31/Labels/000100.png,4096,2160,train
186,uavid_dataset/train/train/seq31/Images/000600.png,uavid_dataset/train/train/seq31/Labels/000600.png,4096,2160,train
187,uavid_dataset/train/train/seq31/Images/000400.png,uavid_dataset/train/train/seq31/Labels/000400.png,4096,2160,train
188,uavid_dataset/train/train/seq31/Images/000000.png,uavid_dataset/train/train/seq31/Labels/000000.png,4096,2160,train
189,uavid_dataset/train/train/seq31/Images/000200.png,uavid_dataset/train/train/seq31/Labels/000200.png,4096,2160,train
190,uavid_dataset/train/train/seq5/Images/000800.png,uavid_dataset/train/train/seq5/Labels/000800.png,3840,2160,train
191,uavid_dataset/train/train/seq5/Images/000900.png,uavid_dataset/train/train/seq5/Labels/000900.png,3840,2160,train
192,uavid_dataset/train/train/seq5/Images/000500.png,uavid_dataset/train/train/seq5/Labels/000500.png,3840,2160,train
193,uavid_dataset/train/train/seq5/Images/000700.png,uavid_dataset/train/train/seq5/Labels/000700.png,3840,2160,train
194,uavid_dataset/train/train/seq5/Images/000300.png,uavid_dataset/train/train/seq5/Labels/000300.png,3840,2160,train
195,uavid_dataset/train/train/seq5/Images/000100.png,uavid_dataset/train/train/seq5/Labels/000100.png,3840,2160,train
196,uavid_dataset/train/train/seq5/Images/000600.png,uavid_dataset/train/train/seq5/Labels/000600.png,3840,2160,train
197,uavid_dataset/train/train/seq5/Images/000400.png,uavid_dataset/train/train/seq5/Labels/000400.png,3840,2160,train
198,uavid_dataset/train/train/seq5/Images/000000.png,uavid_dataset/train/train/seq5/Labels/000000.png,3840,2160,train
199,uavid_dataset/train/train/seq5/Images/000200.png,uavid_dataset/train/train/seq5/Labels/000200.png,3840,2160,train
200,uavid_dataset/train/train/seq2/Images/000800.png,uavid_dataset/train/train/seq2/Labels/000800.png,3840,2160,train
201,uavid_dataset/train/train/seq2/Images/000900.png,uavid_dataset/train/train/seq2/Labels/000900.png,3840,2160,train
202,uavid_dataset/train/train/seq2/Images/000500.png,uavid_dataset/train/train/seq2/Labels/000500.png,3840,2160,train
203,uavid_dataset/train/train/seq2/Images/000700.png,uavid_dataset/train/train/seq2/Labels/000700.png,3840,2160,train
204,uavid_dataset/train/train/seq2/Images/000300.png,uavid_dataset/train/train/seq2/Labels/000300.png,3840,2160,train
205,uavid_dataset/train/train/seq2/Images/000100.png,uavid_dataset/train/train/seq2/Labels/000100.png,3840,2160,train
206,uavid_dataset/train/train/seq2/Images/000600.png,uavid_dataset/train/train/seq2/Labels/000600.png,3840,2160,train
207,uavid_dataset/train/train/seq2/Images/000400.png,uavid_dataset/train/train/seq2/Labels/000400.png,3840,2160,train
208,uavid_dataset/train/train/seq2/Images/000000.png,uavid_dataset/train/train/seq2/Labels/000000.png,3840,2160,train
209,uavid_dataset/train/train/seq2/Images/000200.png,uavid_dataset/train/train/seq2/Labels/000200.png,3840,2160,train
210,uavid_dataset/train/train/seq3/Images/000800.png,uavid_dataset/train/train/seq3/Labels/000800.png,3840,2160,train
211,uavid_dataset/train/train/seq3/Images/000900.png,uavid_dataset/train/train/seq3/Labels/000900.png,3840,2160,train
212,uavid_dataset/train/train/seq3/Images/000500.png,uavid_dataset/train/train/seq3/Labels/000500.png,3840,2160,train
213,uavid_dataset/train/train/seq3/Images/000700.png,uavid_dataset/train/train/seq3/Labels/000700.png,3840,2160,train
214,uavid_dataset/train/train/seq3/Images/000300.png,uavid_dataset/train/train/seq3/Labels/000300.png,3840,2160,train
215,uavid_dataset/train/train/seq3/Images/000100.png,uavid_dataset/train/train/seq3/Labels/000100.png,3840,2160,train
216,uavid_dataset/train/train/seq3/Images/000600.png,uavid_dataset/train/train/seq3/Labels/000600.png,3840,2160,train
217,uavid_dataset/train/train/seq3/Images/000400.png,uavid_dataset/train/train/seq3/Labels/000400.png,3840,2160,train
218,uavid_dataset/train/train/seq3/Images/000000.png,uavid_dataset/train/train/seq3/Labels/000000.png,3840,2160,train
219,uavid_dataset/train/train/seq3/Images/000200.png,uavid_dataset/train/train/seq3/Labels/000200.png,3840,2160,train
220,uavid_dataset/train/train/seq4/Images/000800.png,uavid_dataset/train/train/seq4/Labels/000800.png,3840,2160,train
221,uavid_dataset/train/train/seq4/Images/000900.png,uavid_dataset/train/train/seq4/Labels/000900.png,3840,2160,train
222,uavid_dataset/train/train/seq4/Images/000500.png,uavid_dataset/train/train/seq4/Labels/000500.png,3840,2160,train
223,uavid_dataset/train/train/seq4/Images/000700.png,uavid_dataset/train/train/seq4/Labels/000700.png,3840,2160,train
224,uavid_dataset/train/train/seq4/Images/000300.png,uavid_dataset/train/train/seq4/Labels/000300.png,3840,2160,train
225,uavid_dataset/train/train/seq4/Images/000100.png,uavid_dataset/train/train/seq4/Labels/000100.png,3840,2160,train
226,uavid_dataset/train/train/seq4/Images/000600.png,uavid_dataset/train/train/seq4/Labels/000600.png,3840,2160,train
227,uavid_dataset/train/train/seq4/Images/000400.png,uavid_dataset/train/train/seq4/Labels/000400.png,3840,2160,train
228,uavid_dataset/train/train/seq4/Images/000000.png,uavid_dataset/train/train/seq4/Labels/000000.png,3840,2160,train
229,uavid_dataset/train/train/seq4/Images/000200.png,uavid_dataset/train/train/seq4/Labels/000200.png,3840,2160,train
230,uavid_dataset/train/train/seq14/Images/000800.png,uavid_dataset/train/train/seq14/Labels/000800.png,4096,2160,train
231,uavid_dataset/train/train/seq14/Images/000900.png,uavid_dataset/train/train/seq14/Labels/000900.png,4096,2160,train
232,uavid_dataset/train/train/seq14/Images/000500.png,uavid_dataset/train/train/seq14/Labels/000500.png,4096,2160,train
233,uavid_dataset/train/train/seq14/Images/000700.png,uavid_dataset/train/train/seq14/Labels/000700.png,4096,2160,train
234,uavid_dataset/train/train/seq14/Images/000300.png,uavid_dataset/train/train/seq14/Labels/000300.png,4096,2160,train
235,uavid_dataset/train/train/seq14/Images/000100.png,uavid_dataset/train/train/seq14/Labels/000100.png,4096,2160,train
236,uavid_dataset/train/train/seq14/Images/000600.png,uavid_dataset/train/train/seq14/Labels/000600.png,4096,2160,train
237,uavid_dataset/train/train/seq14/Images/000400.png,uavid_dataset/train/train/seq14/Labels/000400.png,4096,2160,train
238,uavid_dataset/train/train/seq14/Images/000000.png,uavid_dataset/train/train/seq14/Labels/000000.png,4096,2160,train
239,uavid_dataset/train/train/seq14/Images/000200.png,uavid_dataset/train/train/seq14/Labels/000200.png,4096,2160,train
240,uavid_dataset/train/train/seq13/Images/000800.png,uavid_dataset/train/train/seq13/Labels/000800.png,4096,2160,train
241,uavid_dataset/train/train/seq13/Images/000900.png,uavid_dataset/train/train/seq13/Labels/000900.png,4096,2160,train
242,uavid_dataset/train/train/seq13/Images/000500.png,uavid_dataset/train/train/seq13/Labels/000500.png,4096,2160,train
243,uavid_dataset/train/train/seq13/Images/000700.png,uavid_dataset/train/train/seq13/Labels/000700.png,4096,2160,train
244,uavid_dataset/train/train/seq13/Images/000300.png,uavid_dataset/train/train/seq13/Labels/000300.png,4096,2160,train
245,uavid_dataset/train/train/seq13/Images/000100.png,uavid_dataset/train/train/seq13/Labels/000100.png,4096,2160,train
246,uavid_dataset/train/train/seq13/Images/000600.png,uavid_dataset/train/train/seq13/Labels/000600.png,4096,2160,train
247,uavid_dataset/train/train/seq13/Images/000400.png,uavid_dataset/train/train/seq13/Labels/000400.png,4096,2160,train
248,uavid_dataset/train/train/seq13/Images/000000.png,uavid_dataset/train/train/seq13/Labels/000000.png,4096,2160,train
249,uavid_dataset/train/train/seq13/Images/000200.png,uavid_dataset/train/train/seq13/Labels/000200.png,4096,2160,train
250,uavid_dataset/train/train/seq12/Images/000800.png,uavid_dataset/train/train/seq12/Labels/000800.png,4096,2160,train
251,uavid_dataset/train/train/seq12/Images/000900.png,uavid_dataset/train/train/seq12/Labels/000900.png,4096,2160,train
252,uavid_dataset/train/train/seq12/Images/000500.png,uavid_dataset/train/train/seq12/Labels/000500.png,4096,2160,train
253,uavid_dataset/train/train/seq12/Images/000700.png,uavid_dataset/train/train/seq12/Labels/000700.png,4096,2160,train
254,uavid_dataset/train/train/seq12/Images/000300.png,uavid_dataset/train/train/seq12/Labels/000300.png,4096,2160,train
255,uavid_dataset/train/train/seq12/Images/000100.png,uavid_dataset/train/train/seq12/Labels/000100.png,4096,2160,train
256,uavid_dataset/train/train/seq12/Images/000600.png,uavid_dataset/train/train/seq12/Labels/000600.png,4096,2160,train
257,uavid_dataset/train/train/seq12/Images/000400.png,uavid_dataset/train/train/seq12/Labels/000400.png,4096,2160,train
258,uavid_dataset/train/train/seq12/Images/000000.png,uavid_dataset/train/train/seq12/Labels/000000.png,4096,2160,train
259,uavid_dataset/train/train/seq12/Images/000200.png,uavid_dataset/train/train/seq12/Labels/000200.png,4096,2160,train
260,uavid_dataset/train/train/seq15/Images/000800.png,uavid_dataset/train/train/seq15/Labels/000800.png,4096,2160,train
261,uavid_dataset/train/train/seq15/Images/000900.png,uavid_dataset/train/train/seq15/Labels/000900.png,4096,2160,train
262,uavid_dataset/train/train/seq15/Images/000500.png,uavid_dataset/train/train/seq15/Labels/000500.png,4096,2160,train
263,uavid_dataset/train/train/seq15/Images/000700.png,uavid_dataset/train/train/seq15/Labels/000700.png,4096,2160,train
264,uavid_dataset/train/train/seq15/Images/000300.png,uavid_dataset/train/train/seq15/Labels/000300.png,4096,2160,train
265,uavid_dataset/train/train/seq15/Images/000100.png,uavid_dataset/train/train/seq15/Labels/000100.png,4096,2160,train
266,uavid_dataset/train/train/seq15/Images/000600.png,uavid_dataset/train/train/seq15/Labels/000600.png,4096,2160,train
267,uavid_dataset/train/train/seq15/Images/000400.png,uavid_dataset/train/train/seq15/Labels/000400.png,4096,2160,train
268,uavid_dataset/train/train/seq15/Images/000000.png,uavid_dataset/train/train/seq15/Labels/000000.png,4096,2160,train
269,uavid_dataset/train/train/seq15/Images/000200.png,uavid_dataset/train/train/seq15/Labels/000200.png,4096,2160,train
